option_state,option_owner,strike,amount,strikeAmount.mul(optionCollateralizationRatio).div(100).add(strikeFee),premium,expiration_date,optionType,market
2,0x3B2cba3423199f73924AD609fa8EeC504E1FaC1f,37232447572,1000000000000000000,1000000000000000000,69975000000000000,1604784056,2,eth_options
1,0xef764BAC8a438E7E498c2E5fcCf0f174c3E3F8dB,37232447572,50000000000000000000,50000000000000000000,3498750000000000000,1604784207,1,eth_options
1,0xef764BAC8a438E7E498c2E5fcCf0f174c3E3F8dB,37232447572,50000000000000000000,50000000000000000000,3498750000000000000,1604784217,2,eth_options
3,0x3DCa07E16B2Becd3eb76a9F9CE240B525451f887,37400000000,32000000000000000000,32000000000000000000,421638156312625250,1602451763,1,eth_options
3,0x45223f8E765457604A711062F158Bf093De8f636,37425000000,500000000000000000,500000000000000000,17482500000000000,1602970633,2,eth_options
2,0x3c3698258060EB0e633daB458d96a7a8B34Db9b6,37425000000,25000000000000000000,25000000000000000000,1749375000000000000,1604785092,2,eth_options
1,0xD09f4955a9D00543DE67A293c01c928226bd756A,37475016580,5000000000000000000,5000000000000000000,349875000000000000,1604785506,1,eth_options
3,0x0d7bB1Ec806c6f314ac19533CE585b1698867F6a,37475016580,15000000000000000000,15000000000000000000,741825000000000000,1603576134,1,eth_options
1,0xC6f8Bcce8cc2f61A0323d211660120289283C9dE,10000000000000,50000000000000000000,50000000000000000000,13131816282238500,1604785903,2,eth_options
1,0x085af0cee7918f11e3983A9433B92A003153b155,100000000000000,10000000000000000000,10000000000000000000,262636325644770,1604786030,2,eth_options
1,0x085af0cee7918f11e3983A9433B92A003153b155,100000000000000,50000000000000000000,50000000000000000000,1313181628223850,1604786090,2,eth_options
1,0xC6f8Bcce8cc2f61A0323d211660120289283C9dE,10000000000000,22000000000000000000,22000000000000000000,5779903019549670,1604786138,2,eth_options
1,0xC6f8Bcce8cc2f61A0323d211660120289283C9dE,10000000000000,60000000000000000000,60000000000000000000,15764947650000000,1604786549,2,eth_options
1,0x0E7aF95de26BF10E6B9f00D846C22757aa582B9C,37549000000,4000000000000000000,4000000000000000000,279900000000000000,1604786568,2,eth_options
1,0x085af0cee7918f11e3983A9433B92A003153b155,100000000000000,60000000000000000000,60000000000000000000,1576494765000000,1604786604,2,eth_options
3,0xEb91FbD00444FcB9078030933A9beaB5a8C731FC,37549000000,12000000000000000000,12000000000000000000,419580000000000000,1602972235,1,eth_options
1,0xC6f8Bcce8cc2f61A0323d211660120289283C9dE,10000000000000,20000000000000000000,20000000000000000000,5254982550000000,1604786752,2,eth_options
1,0x085af0cee7918f11e3983A9433B92A003153b155,100000000000000,20000000000000000000,20000000000000000000,525498255000000,1604786778,2,eth_options
1,0x975793c7A6a077221aCa4E4FB9B7f9A46378463a,37549000000,2000000000000000000,2000000000000000000,139950000000000000,1604786907,1,eth_options
1,0x975793c7A6a077221aCa4E4FB9B7f9A46378463a,37549000000,2000000000000000000,2000000000000000000,139950000000000000,1604786911,2,eth_options
1,0xC6f8Bcce8cc2f61A0323d211660120289283C9dE,10000000000000,200000000000000000000,200000000000000000000,52549825500000000,1604787167,2,eth_options
1,0x085af0cee7918f11e3983A9433B92A003153b155,500000000000000,190000000000000000000,190000000000000000000,998446684500000,1604787189,2,eth_options
1,0x975793c7A6a077221aCa4E4FB9B7f9A46378463a,37549000000,5000000000000000000,5000000000000000000,349875000000000000,1604787367,2,eth_options
1,0x975793c7A6a077221aCa4E4FB9B7f9A46378463a,37549000000,5000000000000000000,5000000000000000000,349875000000000000,1604787367,1,eth_options
1,0xC6f8Bcce8cc2f61A0323d211660120289283C9dE,10000000000000,12000000000000000000,12000000000000000000,3151668395226420,1604787654,2,eth_options
1,0x085af0cee7918f11e3983A9433B92A003153b155,10000000000000,12000000000000000000,12000000000000000000,3151668395226420,1604787662,2,eth_options
3,0xC507ad80e55d6601F8baE8B3456a71979171Fc0F,37533266586,2400000000000000000,2400000000000000000,118692000000000000,1603578285,1,eth_options
1,0x0E7aF95de26BF10E6B9f00D846C22757aa582B9C,700000000000000,1000000000000000000,1000000000000000000,3751986184793,1604787984,2,eth_options
3,0xD799F16d365bD525e0Cb0ed625c499b220b70cA8,37533266586,4000000000000000000,4000000000000000000,52740000000000000,1602455255,1,eth_options
1,0xC6f8Bcce8cc2f61A0323d211660120289283C9dE,10000000000000,15000000000000000000,15000000000000000000,3939585494033025,1604788253,2,eth_options
2,0xD799F16d365bD525e0Cb0ed625c499b220b70cA8,37533266586,4000000000000000000,4000000000000000000,242280000000000000,1604183516,2,eth_options
3,0x092faC9f89195E6f63aA74604c1a9e4c1b4B6aCF,37533266586,1000000000000000000,1000000000000000000,13185000000000000,1602455981,1,eth_options
1,0xC6f8Bcce8cc2f61A0323d211660120289283C9dE,10000000000000,75000000000000000000,75000000000000000000,19697927470165125,1604788802,2,eth_options
1,0x085af0cee7918f11e3983A9433B92A003153b155,100000000000000,75000000000000000000,75000000000000000000,1969792747016512,1604788802,2,eth_options
1,0xD799F16d365bD525e0Cb0ed625c499b220b70cA8,37533266586,4000000000000000000,4000000000000000000,242280000000000000,1604184062,1,eth_options
3,0xC507ad80e55d6601F8baE8B3456a71979171Fc0F,100000000000000,6000000000000000000,6000000000000000000,29692567196184,1602456385,2,eth_options
1,0x8Dc82ddbf1EfB4BeFcb577B1c0A6EfB812A0c562,37533266586,300000000000000000,300000000000000000,20992500000000000,1604789266,1,eth_options
3,0x2047c55d7C6C94471f8186e349592cFfFEe185f8,36000000000,1000000000000000000,1000000000000000000,33536649337883985,1602974947,1,eth_options
2,0xD799F16d365bD525e0Cb0ed625c499b220b70cA8,37533266586,10000000000000000000,10000000000000000000,494550000000000000,1603580236,2,eth_options
3,0xD799F16d365bD525e0Cb0ed625c499b220b70cA8,37533266586,10000000000000000000,10000000000000000000,494550000000000000,1603580451,2,eth_options
3,0xD799F16d365bD525e0Cb0ed625c499b220b70cA8,37533266586,10000000000000000000,10000000000000000000,494550000000000000,1603580470,1,eth_options
3,0xF3e5ace7b07568da95270983eEd63E04B4BA509E,37533000000,30000000000000000,30000000000000000,395547190543166,1602457699,1,eth_options
2,0x03de28456f987281Df43137f0a281152bE77AAe4,38000000000,1500000000000000000,1500000000000000000,103673302474553289,1604790506,2,eth_options
1,0x9E9ddAAE1bcFcb13f4F1720B561Fed7EB0AD03E0,100000000000000,1990000000000000000,1990000000000000000,52265167554171,1604790615,2,eth_options
1,0x085af0cee7918f11e3983A9433B92A003153b155,100000000000000,15000000000000000000,15000000000000000000,392517765000000,1604790756,2,eth_options
3,0x588d91aBF5192A0f0dc026bF05f510253bD1CF51,35000000000,1000000000000000000,1000000000000000000,12340223553321210,1602458045,1,eth_options
1,0x5a61a0A529B687930c1C9b4dB1bB17931e122724,37396000000,800000000000000000,800000000000000000,55980000000000000,1604791262,1,eth_options
2,0xD799F16d365bD525e0Cb0ed625c499b220b70cA8,37396000000,6400000000000000000,6400000000000000000,387648000000000000,1604186848,2,eth_options
2,0xD799F16d365bD525e0Cb0ed625c499b220b70cA8,37221000000,8000000000000000000,8000000000000000000,484560000000000000,1604187033,2,eth_options
1,0x9E9ddAAE1bcFcb13f4F1720B561Fed7EB0AD03E0,100000000000000,400000000000000000,400000000000000000,10367374308996,1604792249,2,eth_options
1,0x085af0cee7918f11e3983A9433B92A003153b155,100000000000000,50000000000000000000,50000000000000000000,1295921788624575,1604792272,2,eth_options
1,0xC6f8Bcce8cc2f61A0323d211660120289283C9dE,6000000000000,55000000000000000000,55000000000000000000,23758566124783875,1604792272,2,eth_options
2,0xD799F16d365bD525e0Cb0ed625c499b220b70cA8,37039565234,15000000000000000000,15000000000000000000,908550000000000000,1604187514,2,eth_options
1,0xC6f8Bcce8cc2f61A0323d211660120289283C9dE,10000000000000,35000000000000000000,35000000000000000000,9071452520372025,1604792538,2,eth_options
2,0xD799F16d365bD525e0Cb0ed625c499b220b70cA8,37039565234,25000000000000000000,25000000000000000000,1514250000000000000,1604187749,2,eth_options
1,0x9E9ddAAE1bcFcb13f4F1720B561Fed7EB0AD03E0,100000000000000,4800000000000000000,4800000000000000000,124408491707959,1604792807,2,eth_options
1,0xC6f8Bcce8cc2f61A0323d211660120289283C9dE,40000000000,500000000000000000,500000000000000000,32398044715614375,1604793326,2,eth_options
2,0xD799F16d365bD525e0Cb0ed625c499b220b70cA8,37039565234,5900000000000000000,5900000000000000000,357363000000000000,1604189069,2,eth_options
1,0x085af0cee7918f11e3983A9433B92A003153b155,1000000000000000,2000000000000000000,2000000000000000000,5201233983054,1604794137,2,eth_options
1,0xC6f8Bcce8cc2f61A0323d211660120289283C9dE,10000000000000,4000000000000000000,4000000000000000000,1040246796610980,1604794258,2,eth_options
1,0x049261c9110499B6135b0Cba5dC391104b8109Ac,37039565234,800000000000000000,800000000000000000,55791146457590908,1604795069,1,eth_options
1,0x049261c9110499B6135b0Cba5dC391104b8109Ac,37164944502,800000000000000000,800000000000000000,55980000000000000,1604795204,2,eth_options
2,0xD799F16d365bD525e0Cb0ed625c499b220b70cA8,37164944502,6000000000000000000,6000000000000000000,363420000000000000,1604191487,2,eth_options
1,0x5a61a0A529B687930c1C9b4dB1bB17931e122724,37042000000,800000000000000000,800000000000000000,55980000000000000,1604797050,2,eth_options
1,0x727F75F271Fb0d42C13e76dc2b3C4679418C571f,37150000000,1000000000000000000,1000000000000000000,69971233042635658,1604797635,1,eth_options
1,0x049261c9110499B6135b0Cba5dC391104b8109Ac,37152000000,1000000000000000000,1000000000000000000,69975000000000000,1604798285,1,eth_options
1,0x049261c9110499B6135b0Cba5dC391104b8109Ac,37152000000,1000000000000000000,1000000000000000000,69975000000000000,1604798318,2,eth_options
1,0x049261c9110499B6135b0Cba5dC391104b8109Ac,37152000000,5000000000000000000,5000000000000000000,349875000000000000,1604798350,1,eth_options
1,0x049261c9110499B6135b0Cba5dC391104b8109Ac,37152000000,5000000000000000000,5000000000000000000,349875000000000000,1604798350,2,eth_options
3,0xD799F16d365bD525e0Cb0ed625c499b220b70cA8,37152000000,16000000000000000000,16000000000000000000,210960000000000000,1602465692,1,eth_options
3,0xD799F16d365bD525e0Cb0ed625c499b220b70cA8,37152000000,16000000000000000000,16000000000000000000,210960000000000000,1602465692,2,eth_options
2,0xD799F16d365bD525e0Cb0ed625c499b220b70cA8,37152000000,51000000000000000000,51000000000000000000,3089070000000000000,1604194364,2,eth_options
2,0xD799F16d365bD525e0Cb0ed625c499b220b70cA8,37152000000,41000000000000000000,41000000000000000000,2483370000000000000,1604194389,2,eth_options
3,0x049261c9110499B6135b0Cba5dC391104b8109Ac,37152000000,3000000000000000000,3000000000000000000,39555000000000000,1602466428,1,eth_options
3,0x049261c9110499B6135b0Cba5dC391104b8109Ac,37152000000,3000000000000000000,3000000000000000000,39555000000000000,1602466504,2,eth_options
1,0xd216eEba0F34feBA9EC15e8D087a50e0F8Fd10C3,37152000000,26000000000000000,26000000000000000,1819350000000000,1604799683,1,eth_options
1,0xD799F16d365bD525e0Cb0ed625c499b220b70cA8,37152000000,40000000000000000000,40000000000000000000,2422800000000000000,1604195131,1,eth_options
3,0xA00c99F5f955552742F1089deD88ABDC74E67Bac,37152000000,100000000000000000,100000000000000000,1318500000000000,1602467134,2,eth_options
1,0xd216eEba0F34feBA9EC15e8D087a50e0F8Fd10C3,37152000000,12400000000000000,12400000000000000,867690000000000,1604799934,2,eth_options
2,0x8D30A6ec33EB6F43f59C94483Ff39eb2526B89Af,37166000000,1451000000000000000,1451000000000000000,87887070000000000,1604195998,2,eth_options
2,0xD799F16d365bD525e0Cb0ed625c499b220b70cA8,37166000000,100000000000000000000,100000000000000000000,3496500000000000000,1602987207,1,eth_options
3,0xD799F16d365bD525e0Cb0ed625c499b220b70cA8,37166000000,114000000000000000000,114000000000000000000,3986010000000000000,1602987207,2,eth_options
1,0x049261c9110499B6135b0Cba5dC391104b8109Ac,37166000000,4000000000000000000,4000000000000000000,279900000000000000,1604802210,1,eth_options
1,0x049261c9110499B6135b0Cba5dC391104b8109Ac,37166000000,4000000000000000000,4000000000000000000,279900000000000000,1604802210,2,eth_options
1,0x5a61a0A529B687930c1C9b4dB1bB17931e122724,37166000000,2000000000000000000,2000000000000000000,139950000000000000,1604802367,1,eth_options
1,0x5a61a0A529B687930c1C9b4dB1bB17931e122724,37166000000,2000000000000000000,2000000000000000000,139950000000000000,1604802367,2,eth_options
1,0x5a61a0A529B687930c1C9b4dB1bB17931e122724,37166000000,2000000000000000000,2000000000000000000,139950000000000000,1604802694,1,eth_options
1,0x5a61a0A529B687930c1C9b4dB1bB17931e122724,37166000000,2000000000000000000,2000000000000000000,139950000000000000,1604802694,2,eth_options
2,0xD799F16d365bD525e0Cb0ed625c499b220b70cA8,37166000000,140000000000000000000,140000000000000000000,4895100000000000000,1602989772,1,eth_options
3,0xD799F16d365bD525e0Cb0ed625c499b220b70cA8,37166000000,150000000000000000000,150000000000000000000,5244750000000000000,1602989807,2,eth_options
1,0x5a61a0A529B687930c1C9b4dB1bB17931e122724,37166000000,10000000000000000000,10000000000000000000,699750000000000000,1604806455,1,eth_options
1,0x5a61a0A529B687930c1C9b4dB1bB17931e122724,37166000000,10000000000000000000,10000000000000000000,699750000000000000,1604806455,2,eth_options
1,0x975793c7A6a077221aCa4E4FB9B7f9A46378463a,37166000000,100000000000000000000,100000000000000000000,6997500000000000000,1604807452,1,eth_options
1,0x975793c7A6a077221aCa4E4FB9B7f9A46378463a,37166000000,100000000000000000000,100000000000000000000,6997500000000000000,1604807471,2,eth_options
1,0x6F179165237bC5948b0b4C05b3A94e0eAc9919F9,37166000000,27000000000000000000,27000000000000000000,1635390000000000000,1604202860,1,eth_options
3,0xb2767a14CABD82D7AdE23F4e810a718C64acEB7f,37056000000,1000000000000000000,1000000000000000000,13185000000000000,1602478366,1,eth_options
3,0x5a61a0A529B687930c1C9b4dB1bB17931e122724,37056000000,150000000000000000000,150000000000000000000,1977750000000000000,1602478611,1,eth_options
3,0x5a61a0A529B687930c1C9b4dB1bB17931e122724,37056000000,150000000000000000000,150000000000000000000,1977750000000000000,1602478651,2,eth_options
1,0x5a61a0A529B687930c1C9b4dB1bB17931e122724,37129320445,50000000000000000000,50000000000000000000,3498750000000000000,1604812156,1,eth_options
1,0x5a61a0A529B687930c1C9b4dB1bB17931e122724,37129320445,50000000000000000000,50000000000000000000,3498750000000000000,1604812162,2,eth_options
1,0x049261c9110499B6135b0Cba5dC391104b8109Ac,37129320445,40000000000000000000,40000000000000000000,2799000000000000000,1604812224,1,eth_options
1,0x049261c9110499B6135b0Cba5dC391104b8109Ac,37129320445,40000000000000000000,40000000000000000000,2799000000000000000,1604812241,2,eth_options
3,0x1EBb814C9EF016E6012bE299ED834f1dDcEd1529,35000000000,1000000000000000000,1000000000000000000,46501491013620610,1603610287,1,eth_options
1,0x2880a6bb2cD1DF6E03dC8BbFBEd009DE586c2603,37223000000,30000000000000000000,30000000000000000000,2099250000000000000,1604820954,2,eth_options
1,0x2880a6bb2cD1DF6E03dC8BbFBEd009DE586c2603,37223000000,30000000000000000000,30000000000000000000,2099250000000000000,1604821013,1,eth_options
3,0xC148De270B6aFCAAFE32792507D88a885ca3eD7A,10000000000000,10000000000000000000,10000000000000000000,490785255000000,1602493295,2,eth_options
3,0x9fAe1b2Be0A8D7e64780fd740F8AD05188E8170A,38000000000,1000000000000000000,1000000000000000000,12915401447368421,1602494998,2,eth_options
3,0x7b4778d265F5280f600a2917C6Aaf59B44fb2429,37000000000,10000000000000000000,10000000000000000000,342991229399046019,1603019306,1,eth_options
1,0xe491a345CDae4eEbaeC104456c0A229E1deaDff1,37718311406,1000000000000000000,1000000000000000000,69975000000000000,1604833707,1,eth_options
1,0xe491a345CDae4eEbaeC104456c0A229E1deaDff1,37718311406,1000000000000000000,1000000000000000000,69975000000000000,1604833731,2,eth_options
3,0x178CFe4e55fD5720a1edE7F3F3F7f096c678a648,37316809487,1000000000000000000,1000000000000000000,34965000000000000,1603031139,1,eth_options
3,0x7D8cC59c0053F45253C287F3F422c5415739dA04,37505000000,20000000000000000000,20000000000000000000,699300000000000000,1603032226,2,eth_options
1,0x72c2c890625F7e2eC82A49a5B0D6438C36FC1bB5,500000000000,1000000000000000000,1000000000000000000,5243929172905050,1604849183,2,eth_options
1,0x549C0421c69Be943A2A60e76B19b4A801682cBD3,38000000000,1000000000000000000,1000000000000000000,68999068064540131,1604850808,2,eth_options
3,0xE70C89EcE8819C2a91FF23b3b3ef958ee44f9756,37470019099,17000000000000000000,17000000000000000000,840735000000000000,1603641825,2,eth_options
1,0xd7E228b7eB0c727706d5955c4c518CB10a3E7a19,37500000000,15000000000000000000,15000000000000000000,1048841864740993391,1604860129,1,eth_options
3,0x8e3f5e7578B9e0f4B9Ab65C85568C8F80aEC95AE,37528000000,1000000000000000000,1000000000000000000,34965000000000000,1603045874,1,eth_options
3,0x8e3f5e7578B9e0f4B9Ab65C85568C8F80aEC95AE,37528000000,1000000000000000000,1000000000000000000,34965000000000000,1603045874,2,eth_options
3,0x8036CD88376FAc53D5583E4e2e1129B2BD4130E8,37528000000,1000000000000000000,1000000000000000000,34965000000000000,1603047454,1,eth_options
1,0x280A8675cF1d930c638F4f9Eb9dbe75823801D5a,37500000000,20000000000000000000,20000000000000000000,1450408970623613375,1604866864,1,eth_options
3,0x8e3f5e7578B9e0f4B9Ab65C85568C8F80aEC95AE,37230846115,25000000000000000000,25000000000000000000,329599803716723019,1602540293,1,eth_options
3,0x6cEaa647f9E67faeA9EDb996Cf1e971BfC35da05,37400000000,20000000000000000000,20000000000000000000,698944921029423554,1603070071,1,eth_options
3,0x6cEaa647f9E67faeA9EDb996Cf1e971BfC35da05,37400000000,20000000000000000000,20000000000000000000,709810528072043814,1603070071,2,eth_options
3,0xCCe853ECB829d914d119724761e3deb6ad982047,37478000000,3195800000000000000,3195800000000000000,47415350156185690,1602560489,1,eth_options
1,0x5a61a0A529B687930c1C9b4dB1bB17931e122724,37417000000,50000000000000000000,50000000000000000000,3498750000000000000,1604894327,1,eth_options
1,0x5a61a0A529B687930c1C9b4dB1bB17931e122724,37417000000,50000000000000000000,50000000000000000000,3498750000000000000,1604894327,2,eth_options
3,0x4835072a5b621EDA8e5eD1CF1AA55558DfBCC514,37406000000,3000000000000000000,3000000000000000000,39555000000000000,1602579133,1,eth_options
1,0x92B0f8DDe5215D4db5A9Edd44f3585d50883BC80,10000,10000000000000000000,10000000000000000000,187068919424,1604911977,1,eth_options
3,0x7D8cC59c0053F45253C287F3F422c5415739dA04,36742366618,20000000000000000000,20000000000000000000,699300000000000000,1603105155,1,eth_options
3,0xbfeceC47dD8bf5F6264A9830A9d26ef387c38A67,36742366618,30000000000000000000,30000000000000000000,1047984324966990687,1603105343,1,eth_options
3,0x049261c9110499B6135b0Cba5dC391104b8109Ac,36700084371,3000000000000000000,3000000000000000000,104895000000000000,1603107875,1,eth_options
3,0x049261c9110499B6135b0Cba5dC391104b8109Ac,36700084371,3000000000000000000,3000000000000000000,104895000000000000,1603107875,2,eth_options
1,0x049261c9110499B6135b0Cba5dC391104b8109Ac,36700084371,10000000000000000000,10000000000000000000,605700000000000000,1604317533,1,eth_options
1,0x049261c9110499B6135b0Cba5dC391104b8109Ac,36700084371,10000000000000000000,10000000000000000000,605700000000000000,1604317543,2,eth_options
1,0x049261c9110499B6135b0Cba5dC391104b8109Ac,36700084371,10000000000000000000,10000000000000000000,605700000000000000,1604317603,1,eth_options
1,0x049261c9110499B6135b0Cba5dC391104b8109Ac,36700084371,10000000000000000000,10000000000000000000,605700000000000000,1604317926,2,eth_options
1,0x7b4778d265F5280f600a2917C6Aaf59B44fb2429,10000000000000,10000000000000000000,10000000000000000000,2568088403860725,1604925040,2,eth_options
3,0x727F75F271Fb0d42C13e76dc2b3C4679418C571f,38294000000,20000000000000000000,20000000000000000000,699300000000000000,1603119854,1,eth_options
1,0x198ad6C547D20d70f2F656a4F48e6c7cfb7B4325,40000000000,2500000000000000000000,2500000000000000000000,167476415625000000000,1604935101,2,eth_options
1,0x198ad6C547D20d70f2F656a4F48e6c7cfb7B4325,40000000000,1000000000000000000000,1000000000000000000000,66990566250000000000,1604935258,2,eth_options
1,0xd9d23DB5632262033ad9F73aC8FBBa8d76d00188,38732287157,1000000000000000000,1000000000000000000,69975000000000000,1604941662,2,eth_options
2,0xb0d0A07c602621a46f33924264BA9184e41D2aCE,39000000000,5000000000000000000,5000000000000000000,245533837345811538,1603737266,2,eth_options
1,0xfeb60bDCcdEAb4ad217fdf8F252e61B68eFb1538,38725385326,50000000000000000000,50000000000000000000,3498750000000000000,1604948052,2,eth_options
1,0x198ad6C547D20d70f2F656a4F48e6c7cfb7B4325,45000000000,850000000000000000000,850000000000000000000,51376635407490000000,1604950331,2,eth_options
2,0xF4df8faF322742057f9c43a7183d8E883905C37E,38870161080,300000000000000000,300000000000000000,3955500000000000,1602618344,2,eth_options
3,0xF4df8faF322742057f9c43a7183d8E883905C37E,38791771044,300000000000000000,300000000000000000,3955500000000000,1602621963,1,eth_options
3,0x4835072a5b621EDA8e5eD1CF1AA55558DfBCC514,39302708890,1000000000000000000,1000000000000000000,13185000000000000,1602627202,2,eth_options
1,0xb126afa1075BbfBBe49E8321c6016f9B7CE5Ca13,39302708890,20000000000000000000,20000000000000000000,1399500000000000000,1604960129,2,eth_options
1,0xD9876b83DEE2f271EFdB5a94cB988A2F492fA65E,39427000000,5000000000000000000,5000000000000000000,349875000000000000,1604961898,2,eth_options
1,0xb126afa1075BbfBBe49E8321c6016f9B7CE5Ca13,39427000000,32000000000000000000,32000000000000000000,2239200000000000000,1604962024,2,eth_options
1,0xb126afa1075BbfBBe49E8321c6016f9B7CE5Ca13,39196000000,9000000000000000000,9000000000000000000,628436616472823936,1604962566,1,eth_options
3,0xD9876b83DEE2f271EFdB5a94cB988A2F492fA65E,40000000000,5000000000000000000,5000000000000000000,64737486135281250,1602629859,2,eth_options
2,0x24ee78F038525eccAE186bC3bcF5d2BAdD850Bd9,39188000000,20000000000000000000,20000000000000000000,699300000000000000,1603149126,1,eth_options
3,0x4835072a5b621EDA8e5eD1CF1AA55558DfBCC514,38931500000,5000000000000000000,5000000000000000000,66120193616748008,1602630953,1,eth_options
1,0xE551388B683BB1E34e27E5a7b00eaBE79b080Bf7,38413000000,5000000000000000000,5000000000000000000,302850000000000000,1604369933,1,eth_options
3,0x3c3698258060EB0e633daB458d96a7a8B34Db9b6,38400000000,75000000000000000000,75000000000000000000,988783672706894531,1602646316,2,eth_options
1,0xE551388B683BB1E34e27E5a7b00eaBE79b080Bf7,38354617509,6000000000000000000,6000000000000000000,419850000000000000,1604991556,1,eth_options
1,0xE551388B683BB1E34e27E5a7b00eaBE79b080Bf7,38431000000,6000000000000000000,6000000000000000000,419850000000000000,1604999362,1,eth_options
1,0xc05Fd879C9c550dE2470aFf07740962A7af434c5,40000000000,1000000000000000000,1000000000000000000,67230230625000000,1605000276,2,eth_options
1,0x10f77e56bDCcadE0B4542145e5C408F1f8Bf5AfB,38431000000,16000000000000000000,16000000000000000000,969120000000000000,1604396105,2,eth_options
1,0xA64c1AFE585e435709fe83c3B1c1a100d3A9Ea0c,38592224636,30000000000000000000,30000000000000000000,2099250000000000000,1605005432,2,eth_options
1,0xA64c1AFE585e435709fe83c3B1c1a100d3A9Ea0c,38485000000,30000000000000000000,30000000000000000000,2099244212282521911,1605005925,1,eth_options
3,0x81D98c8fdA0410ee3e9D7586cB949cD19FA4cf38,38471000000,4000000000000000000,4000000000000000000,197820000000000000,1603800238,2,eth_options
1,0x71A5495b8CdCB160C65ABae216725fF713507D16,38160000000,600000000000000000000,600000000000000000000,36342000000000000000,1604409255,2,eth_options
1,0xFfC041B1c734f8bC0502A9Fc0d7c35AB437C416d,37983000000,30000000000000000000,30000000000000000000,2099250000000000000,1605027708,1,eth_options
3,0xD1818A80DAc94Fa1dB124B9B1A1BB71Dc20f228d,38270314729,60000000000000000000,60000000000000000000,791100000000000000,1602713985,1,eth_options
3,0x6c4d27d3aE62B6C1eAa9b732377F7Ddf3cF2B1E6,38300000000,1000000000000000000,1000000000000000000,13172772568370757,1602732258,2,eth_options
3,0x3873A4479Fc2Bb6D8bD7704E8673F22b51E0c263,38000000000,1000000000000000000,1000000000000000000,13183013931769865,1602764739,1,eth_options
3,0xe05d396512959b5bFD1EA9be3CD09A2412e4010c,38000000000,50000000000000000000,50000000000000000000,2346097535005057764,1603312596,1,eth_options
2,0xFfC041B1c734f8bC0502A9Fc0d7c35AB437C416d,37943755045,10000000000000000000,10000000000000000000,699750000000000000,1605139734,2,eth_options
3,0xE9B80B4cF85d7709583DFF27c1F51B289Cd1E152,37815000000,3000000000000000000,3000000000000000000,39555000000000000,1602810245,2,eth_options
2,0xE9B80B4cF85d7709583DFF27c1F51B289Cd1E152,37815000000,1000000000000000000,1000000000000000000,49455000000000000,1603933729,2,eth_options
3,0xE9B80B4cF85d7709583DFF27c1F51B289Cd1E152,37815000000,1000000000000000000,1000000000000000000,13185000000000000,1602810774,1,eth_options
1,0x23B500Af90B1c67E97De5Ed6D77Cd375C791e3e5,37734000000,1000000000000000000,1000000000000000000,69975000000000000,1605147229,2,eth_options
3,0xE9B80B4cF85d7709583DFF27c1F51B289Cd1E152,37622826160,2000000000000000000,2000000000000000000,26370000000000000,1602818345,1,eth_options
3,0x0ac11E0e0E8BEC2f2F6fED967dB392b30f1D944b,38500000000,5000000000000000000,5000000000000000000,64740381070482467,1602824405,2,eth_options
1,0xf6bc7583a190723b383f77D3d221192E2BF83A0F,37320239512,5000000000000000000,5000000000000000000,349875000000000000,1605179370,1,eth_options
3,0xbfeceC47dD8bf5F6264A9830A9d26ef387c38A67,37538000000,45000000000000000000,45000000000000000000,2225475000000000000,1603977956,1,eth_options
1,0xc51E4f7AdA44ca984cBBbAF035b8c2f4672B751D,37538000000,5000000000000000000,5000000000000000000,349875000000000000,1605187859,2,eth_options
1,0xf6bc7583a190723b383f77D3d221192E2BF83A0F,37652000000,5000000000000000000,5000000000000000000,349875000000000000,1605195919,2,eth_options
1,0x82cCf5eD8F713281B1BE7d12F64A614e20c3BaD0,10000000000000000,1000000000000000000,1000000000000000000,259866157500,1605241189,2,eth_options
2,0x7b4778d265F5280f600a2917C6Aaf59B44fb2429,36752000000,50000000000000000000,50000000000000000000,3028500000000000000,1604637167,2,eth_options
1,0xd53C9Fedcc95187307908D659846a443cb1e7350,37000000000,34000000000000000000,34000000000000000000,2376256439189189189,1605255311,2,eth_options
1,0x8e3f5e7578B9e0f4B9Ab65C85568C8F80aEC95AE,36523000000,25000000000000000000,25000000000000000000,1749375000000000000,1605268323,2,eth_options
3,0xE551388B683BB1E34e27E5a7b00eaBE79b080Bf7,36889250940,2000000000000000000,2000000000000000000,26370000000000000,1602958659,1,eth_options
3,0xa8469C535347B1AF1C5e4F746bBc01c4c39182CE,36696000000,1000000000000000000,1000000000000000000,34965000000000000,1603496993,1,eth_options
1,0x0A53E28f2f7b27971E18a6305C2C74A449BADd2e,36826000000,50000000000000000000,50000000000000000000,3498750000000000000,1605353260,1,eth_options
2,0xF9306B541f442A51333e22FD494b77D4C33A69E3,37000000000,30000000000000000,30000000000000000,2087335337837837,1605355931,2,eth_options
1,0xA00c99F5f955552742F1089deD88ABDC74E67Bac,36845000000,12000000000000000000,12000000000000000000,839700000000000000,1605366070,1,eth_options
1,0xA00c99F5f955552742F1089deD88ABDC74E67Bac,36894360869,12000000000000000000,12000000000000000000,839700000000000000,1605366220,2,eth_options
3,0xA958598d228dD5fe7d4D895E8FC2bA6153Fe3E6f,36829000000,1000000000000000000,1000000000000000000,49429342481733869,1604157917,1,eth_options
2,0xA958598d228dD5fe7d4D895E8FC2bA6153Fe3E6f,36848117000,1000000000000000000,1000000000000000000,49455000000000000,1604158024,2,eth_options
3,0x59f4CDF0276be7C3E48de82ACFb068fc4e6C2CD8,38000000000,300000000000000000,300000000000000000,14386765470276315,1604158949,2,eth_options
2,0xD81724134F98B1c2258742436c4f0C8F58E0a9d3,36500000000,50000000000000000,50000000000000000,2006449541513760,1603562565,2,eth_options
1,0xbfeceC47dD8bf5F6264A9830A9d26ef387c38A67,36692000000,20000000000000000000,20000000000000000000,1399500000000000000,1605387165,1,eth_options
1,0x5CD364dF460c40588b865D6985F530767263CF84,37291000000,10000000000000000000,10000000000000000000,699750000000000000,1605442629,2,eth_options
1,0x59e0375e991fE25F2B9cA900DD3eCF3173e02D31,50000000000,750000000000000000,750000000000000000,39141565875000000,1605442718,2,eth_options
2,0xD670AD7009813940acb1A3D36Aa6160055565D57,39000000000,6000000000000000000,6000000000000000000,201204209150619230,1603634857,2,eth_options
1,0xb4b10f0B0ac5a8E2B613D3DBE9505A07e3781128,37535000000,10000000000000000,10000000000000000,699750000000000,1605514011,1,eth_options
1,0xD81724134F98B1c2258742436c4f0C8F58E0a9d3,100000000000000,1000000000000000000,1000000000000000000,26265116250000,1605515579,2,eth_options
2,0xbfeceC47dD8bf5F6264A9830A9d26ef387c38A67,38089012251,25000000000000000000,25000000000000000000,1236375000000000000,1604325598,2,eth_options
1,0x6186290B28D511bFF971631c916244A9fC539cfE,38089012251,10000000000000000000,10000000000000000000,699750000000000000,1605536325,2,eth_options
3,0x0b581fFF2C2D56677DF189540a1A7e1A9FE42987,37929000000,1000000000000000000,1000000000000000000,34965000000000000,1603724532,2,eth_options
1,0x0A53E28f2f7b27971E18a6305C2C74A449BADd2e,38375000000,40000000000000000000,40000000000000000000,2799000000000000000,1605542548,2,eth_options
1,0xe90B4aA6002E263031E9A05d50CE8709B9F92fa8,40000000000,26000000000000000000,26000000000000000000,1466393643000000000,1605023467,2,eth_options
1,0xFC4A74a46Cdf1c6Ba1e48093958f3e57b6F7115a,37014883946,1000000000000000000,1000000000000000000,60570000000000000,1605034918,1,eth_options
2,0xC7A83a8b66883BA0B97dA7eA50193fB9A4F6Ea67,36881000000,10000000000000000000,10000000000000000000,131770970502109487,1603315130,2,eth_options
1,0x198ad6C547D20d70f2F656a4F48e6c7cfb7B4325,40000000000,1000000000000000000000,1000000000000000000000,65552580000000000000,1605669237,2,eth_options
3,0xc05Fd879C9c550dE2470aFf07740962A7af434c5,38000000000,100000000000000000,100000000000000000,3479753605263157,1603877716,2,eth_options
2,0xbfeceC47dD8bf5F6264A9830A9d26ef387c38A67,37818000000,25000000000000000000,25000000000000000000,1514250000000000000,1605087384,2,eth_options
2,0x6186290B28D511bFF971631c916244A9fC539cfE,37899000000,20000000000000000000,20000000000000000000,699300000000000000,1603879477,2,eth_options
2,0x655b74E2FaFC7e30Fb23F398Aa69CC5744c69Dd0,38000000000,1000000000000000000,1000000000000000000,13185000000000000,1603366168,2,eth_options
2,0x79aCBF17da6520D923673a285955BBBC468dD609,38448000000,20000000000000000000,20000000000000000000,699300000000000000,1603892757,2,eth_options
1,0x3Fd1DdF28f604CFe5FEFA3adc38e38BE2F7208d6,38485000000,10000000000000000000,10000000000000000000,494550000000000000,1604498844,1,eth_options
3,0x3Fd1DdF28f604CFe5FEFA3adc38e38BE2F7208d6,38485000000,7100000000000000000,7100000000000000000,93613500000000000,1603376035,1,eth_options
3,0xE9B80B4cF85d7709583DFF27c1F51B289Cd1E152,38786409751,7000000000000000000,7000000000000000000,244755000000000000,1603896268,2,eth_options
1,0xd8655066Cd6d6757dd227D43BB12d8E0d9d36B7f,39796000000,15000000000000000000,15000000000000000000,741825000000000000,1604510176,2,eth_options
1,0xd9d23DB5632262033ad9F73aC8FBBa8d76d00188,47000000000,28000000000000000000,28000000000000000000,1651669056382978723,1605722660,2,eth_options
3,0xD81724134F98B1c2258742436c4f0C8F58E0a9d3,39620500000,2000000000000000000,2000000000000000000,26370000000000000,1603390030,1,eth_options
2,0x3Fd1DdF28f604CFe5FEFA3adc38e38BE2F7208d6,39503000000,1000000000000000000,1000000000000000000,13185000000000000,1603392432,2,eth_options
1,0x3Fd1DdF28f604CFe5FEFA3adc38e38BE2F7208d6,39288660091,100000000,100000000,6997500,1605727243,2,eth_options
2,0x8cCa25F558cf8ffC1e084e48489AC7638c401beF,39195268915,1000000000000000000000,1000000000000000000000,34965000000000000000,1603917123,2,eth_options
1,0xe90B4aA6002E263031E9A05d50CE8709B9F92fa8,40000000000,5000000000000000000,5000000000000000000,344950509375000000,1605734757,2,eth_options
1,0x0A53E28f2f7b27971E18a6305C2C74A449BADd2e,39564807173,60000000000000000000,60000000000000000000,3634200000000000000,1605131364,2,eth_options
2,0xE9B80B4cF85d7709583DFF27c1F51B289Cd1E152,39728000000,3000000000000000000,3000000000000000000,39555000000000000,1603406389,2,eth_options
3,0xE5D12B67755d2d68Dd69821fed9d7cC9c92fEf33,39863000000,5000000000000000000,5000000000000000000,174825000000000000,1603925410,2,eth_options
1,0x8a3D39eaAaeD634F8e7125e788Fa4A810CF6DaeC,39776663868,5000000000000000000,5000000000000000000,349875000000000000,1605750597,2,eth_options
3,0xD8e3e3eC5643e451a4A1Ca57704DFA6353898eBc,39378000000,5000000000000000000,5000000000000000000,174825000000000000,1603940432,1,eth_options
1,0x392f89779D7174EEaDb1933da4B83CCA548EF46D,39385000000,50000000000000000000,50000000000000000000,3498750000000000000,1605761542,2,eth_options
2,0x4B9390C979F3dFf5868D3152Ff0f5D09B85636db,39430000000,2000000000000000000,2000000000000000000,69675542022540051,1603949597,1,eth_options
3,0x20A1A940FA696513bF938FaC130F5272F38c0DC8,39679000000,2000000000000000000,2000000000000000000,69930000000000000,1603959544,2,eth_options
3,0x655b74E2FaFC7e30Fb23F398Aa69CC5744c69Dd0,39696000000,1000000000000000000,1000000000000000000,13192637192658456,1603447649,2,eth_options
2,0xe05d396512959b5bFD1EA9be3CD09A2412e4010c,39696299223,250000000000000000000,250000000000000000000,8741250000000000000,1603966782,1,eth_options
1,0x59e0375e991fE25F2B9cA900DD3eCF3173e02D31,47061000000,1250000000000000000,1250000000000000000,76620837456277490,1605784652,2,eth_options
3,0xDdE4812F8185CE19782420f4068f09e8B45425Db,41304000000,5000000000000000000,5000000000000000000,213675000000000000,1603977874,2,eth_options
3,0x727F75F271Fb0d42C13e76dc2b3C4679418C571f,41536930500,20000000000000000000,20000000000000000000,854700000000000000,1603979301,2,eth_options
1,0x0eb9a7ff5cBf719251989CAf1599c1270Eafb531,41156662623,21000000000000000000,21000000000000000000,1796025000000000000,1605796796,2,eth_options
1,0x8a3D39eaAaeD634F8e7125e788Fa4A810CF6DaeC,41349000000,5000000000000000000,5000000000000000000,427625000000000000,1605798458,2,eth_options
3,0x6299Fcefe393238699AEDC82130a7d4BDED02E41,41463000000,50000000000000000000,50000000000000000000,805750000000000000,1603468088,2,eth_options
1,0xF33364a83b6002D5070EC5FA31F5d9EB93572732,42000000000,1000000000000000000,1000000000000000000,84531280952380952,1605803521,2,eth_options
1,0x24f0B0613a5F55d43C91AD2F1ddDdEE33AE8dA82,41625000000,10000000000000000000,10000000000000000000,855250000000000000,1605811139,2,eth_options
1,0xe84f67ECa9eD5C69C0915B13533Eb09B63f0EdB1,41200000000,85000000000000000000,85000000000000000000,7266969500386756674,1605831670,2,eth_options
2,0xbfeceC47dD8bf5F6264A9830A9d26ef387c38A67,41184950175,30000000000000000000,30000000000000000000,483074075311248999,1603501847,1,eth_options
3,0xe5191066DACbC1a9FaE39B6d739dF2f6Aee12045,41400000000,100000000000000000000,100000000000000000000,4492184788181420895,1604038811,2,eth_options
1,0x9fd31424CfcEAb50218906BC1b3d87fe7778CA61,40000000000,1000000000000000000,1000000000000000000,124546944963919420,1605855278,2,eth_options
1,0x9fd31424CfcEAb50218906BC1b3d87fe7778CA61,40000000000,1000000000000000000,1000000000000000000,82708766500652773,1605855569,1,eth_options
3,0x24f0B0613a5F55d43C91AD2F1ddDdEE33AE8dA82,41651161249,3000000000000000000,3000000000000000000,48345000000000000,1603536524,2,eth_options
3,0x9fd31424CfcEAb50218906BC1b3d87fe7778CA61,41500000000,1000000000000000000,1000000000000000000,45240586890671663,1604059896,2,eth_options
2,0x9fd31424CfcEAb50218906BC1b3d87fe7778CA61,41500000000,1000000000000000000,1000000000000000000,42632322246150635,1604059906,1,eth_options
1,0x5CD364dF460c40588b865D6985F530767263CF84,41599950614,10000000000000000000,10000000000000000000,855250000000000000,1605876708,2,eth_options
1,0xbfeceC47dD8bf5F6264A9830A9d26ef387c38A67,41239000000,50000000000000000000,50000000000000000000,3701500000000000000,1605283932,2,eth_options
1,0xbfeceC47dD8bf5F6264A9830A9d26ef387c38A67,40599096250,20000000000000000000,20000000000000000000,1208900000000000000,1604679767,2,eth_options
2,0x8cCa25F558cf8ffC1e084e48489AC7638c401beF,40617407580,3000000000000000000000,3000000000000000000000,48323204880577215804,1603556589,2,eth_options
1,0xd65aD9600AA0A3d48234Fc9Dc727Ff20749daA22,40593000000,10000000000000000000,10000000000000000000,855250000000000000,1605895444,2,eth_options
2,0xe90B4aA6002E263031E9A05d50CE8709B9F92fa8,40693000000,15000000000000000000,15000000000000000000,241130978915292556,1603562793,2,eth_options
2,0x505846a0a89dd26fA5cD0677FD5406039c218620,40804000000,100000000000000000000,100000000000000000000,1611500000000000000,1603587044,2,eth_options
2,0x2990BE32a97B6fcd7173fD222E6eb5e413B71e0e,40000000000,5000000000000000000,5000000000000000000,240578675393462469,1603592407,2,eth_options
2,0xcd4a73E423859D53bA25AC51b4058656984Aa7e4,41500000000,15000000000000000000,15000000000000000000,829838739178149005,1604136263,1,eth_options
1,0x4C8475548D821E2E4d7F2e3bD2d83a32fFF8131A,88800000000,88000000000000000000,88000000000000000000,3501632353603603603,1605966126,2,eth_options
3,0x24f0B0613a5F55d43C91AD2F1ddDdEE33AE8dA82,41506000000,2000000000000000000,2000000000000000000,85470000000000000,1604157203,2,eth_options
1,0xe09f694DA87B33632BCA61E825Eb9E3F54e15170,43000000000,5000000000000000000,5000000000000000000,412270279069767441,1605974837,2,eth_options
1,0xe09f694DA87B33632BCA61E825Eb9E3F54e15170,41337102203,5000000000000000000,5000000000000000000,427625000000000000,1605975342,1,eth_options
1,0xA2C12dBe82f19eF06850d4693F2b2D5724b8eA3E,41396000000,45000000000000000000,45000000000000000000,3848625000000000000,1605981761,2,eth_options
3,0xe77884CDdF148DD5f0e9191B33D8dBAdDB16DFB5,41338000000,1000000000000000000,1000000000000000000,16044829696647152,1603659046,2,eth_options
3,0xbfeceC47dD8bf5F6264A9830A9d26ef387c38A67,41000000000,20000000000000000000,20000000000000000000,322300000000000000,1603663471,1,eth_options
1,0xe05d396512959b5bFD1EA9be3CD09A2412e4010c,40955000000,250000000000000000000,250000000000000000000,15111250000000000000,1604787057,1,eth_options
1,0xE6056F52719CbC225D7093B50180B4EACf024909,40000000000,250000000000000000,250000000000000000,14677529017531931,1604792888,1,eth_options
1,0x5b11D95bd844e5DE93bC9759a35fc89b40152133,41345310193,1000000000000000000,1000000000000000000,42735000000000000,1604194913,2,eth_options
3,0x128f19a6FdD737B0937627738313E8BF5527ACEB,41363000000,1000000000000000000,1000000000000000000,16114881137898121,1603680356,2,eth_options
1,0x82cCf5eD8F713281B1BE7d12F64A614e20c3BaD0,41517000000,250000000000000000000,250000000000000000000,21381250000000000000,1606016533,2,eth_options
1,0x505846a0a89dd26fA5cD0677FD5406039c218620,40809000000,50000000000000000000,50000000000000000000,3701500000000000000,1605438299,2,eth_options
1,0x0682EBeC1F898110D1E5741e2c7DAFFfB6a47870,40800000000,500000000000000000,500000000000000000,21364881754686925,1604251766,1,eth_options
1,0xedFD088E17861c31A4DC6cE712a016E8056e328A,40805000000,10000000000000000,10000000000000000,427350000000000,1604251935,1,eth_options
1,0xc6AeEcb1A26C0611E575352d22b2E86b0126c444,40580000000,100000000000000000,100000000000000000,8640709736140188,1606088094,2,eth_options
1,0xbfeceC47dD8bf5F6264A9830A9d26ef387c38A67,40890337940,20000000000000000000,20000000000000000000,1208900000000000000,1604884993,2,eth_options
2,0xCE8224B761fCD0a839b2E9a091C498a6537fF35d,40600000000,3000000000000000000,3000000000000000000,48164679034157832,1603763334,1,eth_options
1,0xF33364a83b6002D5070EC5FA31F5d9EB93572732,38923000000,20000000000000000000,20000000000000000000,1710500000000000000,1606157853,2,eth_options
2,0x5b11D95bd844e5DE93bC9759a35fc89b40152133,39430000000,1000000000000000000,1000000000000000000,16115000000000000,1603841550,2,eth_options
1,0x3238B53A910B69f5dBDb31786613cE944536BA19,39430000000,20000000000000000000,20000000000000000000,1710500000000000000,1606175257,2,eth_options
3,0x128f19a6FdD737B0937627738313E8BF5527ACEB,40538000000,1000000000000000000,1000000000000000000,16115000000000000,1603910947,1,eth_options
1,0x432DcBdA06e8B296CA29705572D7cb6315Ed8Bed,40601000000,5000000000000000000,5000000000000000000,213651317393660254,1604429746,2,eth_options
1,0x098d818816f0427d513d5AE66b4d55fDF55a89c9,40704344956,500000000000000000,500000000000000000,30222500000000000,1605038644,2,eth_options
1,0xB6d3D9bc0e8Ab251C0eb29bD7c0E53bf482B3093,40400000000,1000000000000000000,1000000000000000000,60445000000000000,1605046337,2,eth_options
3,0xE9B80B4cF85d7709583DFF27c1F51B289Cd1E152,40520398993,1000000000000000000,1000000000000000000,16115000000000000,1603926596,2,eth_options
1,0x198ad6C547D20d70f2F656a4F48e6c7cfb7B4325,41400000000,500000000000000000000,500000000000000000000,42180950329746980676,1606271555,2,eth_options
2,0xbfeceC47dD8bf5F6264A9830A9d26ef387c38A67,39308000000,10000000000000000000,10000000000000000000,425272754430379746,1604485228,1,eth_options
3,0x9777dAaBf322d38af7A49A66dC55F3086127baeA,39630618936,39000000000000000000,39000000000000000000,628459408309697033,1603967790,2,eth_options
2,0xbfeceC47dD8bf5F6264A9830A9d26ef387c38A67,39385000000,9000000000000000000,9000000000000000000,666270000000000000,1605697586,1,eth_options
3,0x61efDc88bb6Dc02A18DFB9a240800398599BAC64,39014362358,100000000000000000000,100000000000000000000,1611500000000000000,1603972431,1,eth_options
2,0x82cCf5eD8F713281B1BE7d12F64A614e20c3BaD0,38662799655,250000000000000000000,250000000000000000000,4028750000000000000,1603983306,2,eth_options
1,0xE9B80B4cF85d7709583DFF27c1F51B289Cd1E152,38430000000,4000000000000000000,4000000000000000000,170940000000000000,1604508821,1,eth_options
1,0x808A023B72260170c95d831F589A1ae0DCa1e43E,38544984696,20000000000000000000,20000000000000000000,854700000000000000,1604517999,2,eth_options
1,0xaFd680FB78648298d13422dA8EB29199e72368EC,38544984696,3000000000000000000,3000000000000000000,256575000000000000,1606333122,2,eth_options
1,0xd95562a170f130cd6aC88491E714B1093c2d3169,38745774262,2800000000000000000,2800000000000000000,169246000000000000,1605134153,2,eth_options
1,0x128f19a6FdD737B0937627738313E8BF5527ACEB,38746000000,100000000000000000000,100000000000000000000,8553132441207118494,1606344059,1,eth_options
1,0x128f19a6FdD737B0937627738313E8BF5527ACEB,38746000000,100000000000000000000,100000000000000000000,8552450172295333711,1606344082,2,eth_options
1,0x245F173d87F2630eF111797Fdb27066676Fa51e8,38800000000,150000000000000000000,150000000000000000000,12808082219969958823,1606377309,1,eth_options
1,0x4C8475548D821E2E4d7F2e3bD2d83a32fFF8131A,77700000000,88000000000000000000,88000000000000000000,3757772574002574002,1606384823,2,eth_options
1,0xbfeceC47dD8bf5F6264A9830A9d26ef387c38A67,38347000000,5000000000000000000,5000000000000000000,213675000000000000,1604577798,2,eth_options
3,0xbfeceC47dD8bf5F6264A9830A9d26ef387c38A67,38453248107,9000000000000000000,9000000000000000000,145035000000000000,1604063041,2,eth_options
3,0x5b11D95bd844e5DE93bC9759a35fc89b40152133,39021650021,1000000000000000000,1000000000000000000,16115000000000000,1604070712,2,eth_options
1,0x3B2cba3423199f73924AD609fa8EeC504E1FaC1f,38903000000,1000000000000000000,1000000000000000000,42662245283338817,1604613364,2,eth_options
1,0x1C329A1396d1F0c985106BD539549293ff5D70Aa,38500000000,10000000000000000000,10000000000000000000,603853400000000000,1605227562,2,eth_options
1,0x6186290B28D511bFF971631c916244A9fC539cfE,37748640398,15400000000000000000,15400000000000000000,930853000000000000,1605260370,2,eth_options
1,0xDdE4812F8185CE19782420f4068f09e8B45425Db,38025220478,2500000000000000000,2500000000000000000,213812500000000000,1606480416,2,eth_options
1,0xbfeceC47dD8bf5F6264A9830A9d26ef387c38A67,38025220478,11000000000000000000,11000000000000000000,664895000000000000,1605271177,2,eth_options
1,0xE551388B683BB1E34e27E5a7b00eaBE79b080Bf7,38304928747,6000000000000000000,6000000000000000000,362670000000000000,1605294825,1,eth_options
1,0x7fd8A3e656C90A0e3cd703e4bA46aa4C9d9e84fB,38411000000,20000000000000000000,20000000000000000000,854700000000000000,1604705879,2,eth_options
1,0x16304dAE95525d603E2C15aB385C5463A6b2113B,32000000000,10000000000000000000,10000000000000000000,502464377158563038,1605322815,1,eth_options
1,0xc1178D5BADA448126A5054EAF4e7c2f3fCa5E974,38800000000,1000000000000000000,1000000000000000000,84657849414471005,1606546177,2,eth_options
1,0x86E9BFA8110B4211c0c17d62AEBE2e144bc236D0,38734643331,60000000000000000000,60000000000000000000,5131500000000000000,1606552606,2,eth_options
1,0x82cCf5eD8F713281B1BE7d12F64A614e20c3BaD0,38914343849,250000000000000000000,250000000000000000000,15111250000000000000,1605347933,2,eth_options
1,0x9fAe1b2Be0A8D7e64780fd740F8AD05188E8170A,39201000000,2000000000000000000,2000000000000000000,85265051656845488,1604751915,2,eth_options
1,0x9c5083dd4838E120Dbeac44C052179692Aa5dAC5,38616902284,4000000000000000000000,4000000000000000000000,296120000000000000000,1605982287,1,eth_options
1,0xaC9e6fA8Ad5214F365E99eE96227598eA1E4B20c,38616902284,28000000000000000000,28000000000000000000,1196580000000000000,1604774919,1,eth_options
1,0x82cCf5eD8F713281B1BE7d12F64A614e20c3BaD0,38579204581,400000000000000000000,400000000000000000000,29612000000000000000,1605985169,1,eth_options
1,0x4C8475548D821E2E4d7F2e3bD2d83a32fFF8131A,77700000000,88000000000000000000,88000000000000000000,3753994944658944658,1606641204,2,eth_options
1,0x2de14DB256Db2597fe3c8Eed46eF5b20bA390823,45000000000,25000000000000000000,25000000000000000000,920731493085250000,1604835843,2,eth_options
1,0x52AF787439a82f36d6eF6B0dA0f0E5eCCe29fF90,38778048593,2000000000000000000,2000000000000000000,85470000000000000,1604841960,2,eth_options
1,0xe90B4aA6002E263031E9A05d50CE8709B9F92fa8,38827845147,20000000000000000000,20000000000000000000,1480600000000000000,1606056382,1,eth_options
1,0xF9107317B0fF77eD5b7ADea15e50514A3564002B,38934000000,1000000000000000000,1000000000000000000,42735000000000000,1604856889,2,eth_options
1,0xF9107317B0fF77eD5b7ADea15e50514A3564002B,38934000000,1000000000000000000,1000000000000000000,42735000000000000,1604856889,1,eth_options
2,0xEb91FbD00444FcB9078030933A9beaB5a8C731FC,1135456371997,50000000,50000000,3498750,1604785049,2,btc_options
1,0xC6f8Bcce8cc2f61A0323d211660120289283C9dE,20000000000000,180000000,180000000,715082,1604785228,2,btc_options
3,0xC6f8Bcce8cc2f61A0323d211660120289283C9dE,20000000000000,200000000,200000000,149709,1602452623,2,btc_options
1,0xC6f8Bcce8cc2f61A0323d211660120289283C9dE,20000000000000,690000000,690000000,2741147,1604785545,2,btc_options
1,0x68924BC68Ff1357A0A08A20C64D538D9b9241574,1135500000000,100000000,100000000,6061074,1604181008,1,btc_options
3,0xEb91FbD00444FcB9078030933A9beaB5a8C731FC,1135456371997,19000000,19000000,664335,1602971927,2,btc_options
1,0xC6f8Bcce8cc2f61A0323d211660120289283C9dE,200000000000000,500000000,500000000,198633,1604786375,2,btc_options
1,0x085af0cee7918f11e3983A9433B92A003153b155,100000000000000,500000000,500000000,397267,1604786381,2,btc_options
3,0xEb91FbD00444FcB9078030933A9beaB5a8C731FC,1135658000000,54200000,54200000,1895103,1602972707,2,btc_options
1,0xC6f8Bcce8cc2f61A0323d211660120289283C9dE,100000000,1000000000,1000000000,6161,1604788149,1,btc_options
3,0xEb91FbD00444FcB9078030933A9beaB5a8C731FC,1135658000000,40000000,40000000,527400,1602455547,1,btc_options
1,0xC6f8Bcce8cc2f61A0323d211660120289283C9dE,1000000000,700000000,700000000,43131,1604788479,1,btc_options
1,0xC6f8Bcce8cc2f61A0323d211660120289283C9dE,1000000000,400000000,400000000,24646,1604788526,1,btc_options
1,0x8Dc82ddbf1EfB4BeFcb577B1c0A6EfB812A0c562,1135658000000,1000000,1000000,69975,1604789101,2,btc_options
1,0xC6f8Bcce8cc2f61A0323d211660120289283C9dE,1000000000,110000000,110000000,6777,1604789166,1,btc_options
1,0x085af0cee7918f11e3983A9433B92A003153b155,1000000000,300000000,300000000,18484,1604789296,1,btc_options
1,0xC6f8Bcce8cc2f61A0323d211660120289283C9dE,1000000000,200000000,200000000,12323,1604789665,1,btc_options
1,0x085af0cee7918f11e3983A9433B92A003153b155,1000000000,100000000,100000000,6161,1604790051,1,btc_options
1,0xC6f8Bcce8cc2f61A0323d211660120289283C9dE,5000000000,370000000,370000000,98669,1604188168,1,btc_options
1,0x049261c9110499B6135b0Cba5dC391104b8109Ac,1135658000000,50000000,50000000,3498750,1604795256,1,btc_options
1,0xD799F16d365bD525e0Cb0ed625c499b220b70cA8,1135658000000,400000000,400000000,24228000,1604191233,1,btc_options
2,0xD799F16d365bD525e0Cb0ed625c499b220b70cA8,1135658000000,400000000,400000000,24228000,1604192649,2,btc_options
1,0x049261c9110499B6135b0Cba5dC391104b8109Ac,1132203757768,50000000,50000000,3498750,1604800088,2,btc_options
2,0xD799F16d365bD525e0Cb0ed625c499b220b70cA8,1132203757768,430000000,430000000,15034950,1602987793,2,btc_options
3,0xD799F16d365bD525e0Cb0ed625c499b220b70cA8,1132203757768,420000000,420000000,14685300,1602987934,1,btc_options
2,0xBfdC90836149D0C3DEC9fCc09c5CB8E36d177270,1160000000000,200000000,200000000,13679440,1604810082,2,btc_options
1,0xF9107317B0fF77eD5b7ADea15e50514A3564002B,1136944000000,10000000,10000000,699750,1604828331,1,btc_options
2,0x827eA2C64d3f5093F632ab6DaA94EE8d7eEe0686,1135484000000,40000000,40000000,2799000,1604847718,2,btc_options
2,0x6144923B656fbAc72F486796a2a33750Dc6c559f,1140665000000,30000000,30000000,2099250,1604865572,2,btc_options
1,0x2C2f838F0DAc3f4915F4A57f3cB63abcd806EE40,1130688000000,10000000,10000000,699750,1604873904,1,btc_options
2,0xe5191066DACbC1a9FaE39B6d739dF2f6Aee12045,1155347676326,500000000,500000000,34987500,1604953881,2,btc_options
2,0xe5191066DACbC1a9FaE39B6d739dF2f6Aee12045,1155347676326,500000000,500000000,34987500,1604953935,2,btc_options
1,0xb126afa1075BbfBBe49E8321c6016f9B7CE5Ca13,1166533789825,15000000,15000000,1049625,1604962712,1,btc_options
2,0xb126afa1075BbfBBe49E8321c6016f9B7CE5Ca13,1166533789825,70000000,70000000,4898250,1604962848,2,btc_options
2,0x8042d9d476cfD2CC1BcdB4326D5cA3F30a994379,1154975000000,30000000,30000000,1483650,1603759679,1,btc_options
2,0x10f77e56bDCcadE0B4542145e5C408F1f8Bf5AfB,1150647644779,70000000,70000000,2826600,1604407772,2,btc_options
2,0xeA1C4d527F34F7372554B24b9feF950224E4351E,1150000000000,200000000,200000000,8040478,1604409541,2,btc_options
2,0x6144923B656fbAc72F486796a2a33750Dc6c559f,1138990000000,277777700,277777700,12958329,1605028157,2,btc_options
3,0xD1818A80DAc94Fa1dB124B9B1A1BB71Dc20f228d,1145868000000,100000000,100000000,879000,1602713599,1,btc_options
3,0xD22886236f453E9407F54cC2706B2E9C87789702,1140000000000,40000000,40000000,454542,1602721543,2,btc_options
2,0x51aB3DBF9a5089a85E6e3e8252DF7C911078DD84,1140649000000,100000000,100000000,4665000,1605159442,2,btc_options
3,0xD22886236f453E9407F54cC2706B2E9C87789702,1148171000000,200000000,200000000,1758000,1602875585,2,btc_options
2,0xe5191066DACbC1a9FaE39B6d739dF2f6Aee12045,1127687000000,500000000,500000000,23325000,1605244514,2,btc_options
2,0xe5191066DACbC1a9FaE39B6d739dF2f6Aee12045,1127687000000,500000000,500000000,23325000,1605244620,2,btc_options
2,0x5D070F10C330A34306f6308F83Baa5D5C74001a1,1134781000000,10000000,10000000,329700,1604111292,2,btc_options
1,0x049261c9110499B6135b0Cba5dC391104b8109Ac,1135356500000,100000000,100000000,4665000,1605338330,1,btc_options
1,0x049261c9110499B6135b0Cba5dC391104b8109Ac,1135356500000,100000000,100000000,4665000,1605338438,2,btc_options
3,0x502E31fb699f1a0b547DC65f2f0C7AB36f3010e2,1142142030191,10000000,10000000,233100,1603620248,1,btc_options
3,0x8BE5674cAA5db1857b8df20B80ed9a50c06762Ad,99999900000000,100000000,100000000,10076,1603133103,2,btc_options
3,0x8BE5674cAA5db1857b8df20B80ed9a50c06762Ad,1146000000000,100000000,100000000,885594,1603133804,2,btc_options
2,0xD22886236f453E9407F54cC2706B2E9C87789702,1164662000000,300000000,300000000,2637000,1603208305,2,btc_options
2,0x198ad6C547D20d70f2F656a4F48e6c7cfb7B4325,1200000000000,5000000000,5000000000,228445827,1605565135,2,btc_options
2,0x198ad6C547D20d70f2F656a4F48e6c7cfb7B4325,1200000000000,5000000000,5000000000,228445827,1605565808,2,btc_options
2,0x198ad6C547D20d70f2F656a4F48e6c7cfb7B4325,1200000000000,5000000000,5000000000,229486316,1605609682,2,btc_options
2,0x5140c2e3Be04D48E9b7c5FdF016BbEA6A88B2b65,1188866000000,2000000000,2000000000,46620000,1603809046,2,btc_options
2,0xb126afa1075BbfBBe49E8321c6016f9B7CE5Ca13,1188866000000,750000000,750000000,34987500,1605623539,2,btc_options
2,0x198ad6C547D20d70f2F656a4F48e6c7cfb7B4325,1250000000000,5000000000,5000000000,222830256,1605627112,2,btc_options
2,0xF940CE19B9Cd0B9efd586381b488cEfB75EB413F,1194160000000,200000000,200000000,4662000,1603813896,2,btc_options
2,0x86E9BFA8110B4211c0c17d62AEBE2e144bc236D0,1191681093882,2100000000,2100000000,48951000,1603816443,2,btc_options
1,0xF55D84504217542D4F39d9bf9A70342744836007,1222137000000,100000000,100000000,4665000,1605673530,2,btc_options
3,0x10f77e56bDCcadE0B4542145e5C408F1f8Bf5AfB,1225768000000,50000000,50000000,439500,1603351845,1,btc_options
3,0x3BAf349bE62f94E7141Cf748CF09d761219757B7,1219790000000,50000000,50000000,439500,1603354459,1,btc_options
2,0xbfeceC47dD8bf5F6264A9830A9d26ef387c38A67,1219738000000,76000000,76000000,3068944,1605088562,2,btc_options
2,0x6299Fcefe393238699AEDC82130a7d4BDED02E41,1220000000000,200000000,200000000,4661002,1603879123,2,btc_options
1,0x3Fd1DdF28f604CFe5FEFA3adc38e38BE2F7208d6,1219739000000,300000000,300000000,9891000,1604484208,2,btc_options
2,0x86E9BFA8110B4211c0c17d62AEBE2e144bc236D0,1232579000000,2000000000,2000000000,46620000,1603886227,2,btc_options
2,0x8cCa25F558cf8ffC1e084e48489AC7638c401beF,1232579000000,5000000000,5000000000,116550000,1603886308,2,btc_options
2,0x6144923B656fbAc72F486796a2a33750Dc6c559f,1243879000000,300000000,300000000,9891000,1604496061,2,btc_options
3,0x3BAf349bE62f94E7141Cf748CF09d761219757B7,1243879000000,100000000,100000000,879000,1603374355,1,btc_options
2,0x1de1303a06EcEaEd21D333337D71C1113261515a,1274716000000,500000000,500000000,16485000,1604500335,2,btc_options
2,0x58C62FB35eA0b936F22cc1680eFA3f7b3798712D,1270600000000,500000000,500000000,16496787,1604501512,2,btc_options
2,0xDdE4812F8185CE19782420f4068f09e8B45425Db,1271248636933,11000000,11000000,256410,1603897293,2,btc_options
2,0x82cCf5eD8F713281B1BE7d12F64A614e20c3BaD0,1286137393374,1500000000,1500000000,49455000,1604507857,2,btc_options
1,0x5D070F10C330A34306f6308F83Baa5D5C74001a1,1286137393374,80000000,80000000,3732000,1605717457,2,btc_options
2,0xECB949c68C825650fD9D0Aebe0cd3796FD126e66,1280000000000,50000000,50000000,1895001,1604508185,2,btc_options
1,0x6B5422143e8ABDf03Db19c6058de007d27465Bd3,1281412000000,1300000,1300000,60645,1605733698,2,btc_options
1,0x4718fc7E40092A9d5FC584699AEA1AA4c6f63D33,1282554530329,200000000,200000000,6594000,1604561196,2,btc_options
2,0x5CD364dF460c40588b865D6985F530767263CF84,1284986000000,150000000,150000000,1318500,1603445160,2,btc_options
1,0x049261c9110499B6135b0Cba5dC391104b8109Ac,1287235000000,300000000,300000000,13995000,1605791385,1,btc_options
1,0x049261c9110499B6135b0Cba5dC391104b8109Ac,1287235000000,300000000,300000000,13995000,1605791593,2,btc_options
2,0x432DcBdA06e8B296CA29705572D7cb6315Ed8Bed,1310513000000,10000000,10000000,117200,1603484710,1,btc_options
1,0xe84f67ECa9eD5C69C0915B13533Eb09B63f0EdB1,1300000000000,198000000,198000000,12298206,1605832104,2,btc_options
1,0x6144923B656fbAc72F486796a2a33750Dc6c559f,1292372000000,300000000,300000000,16152000,1605235173,2,btc_options
2,0xbfeceC47dD8bf5F6264A9830A9d26ef387c38A67,1293465964053,70000000,70000000,2175600,1604070868,1,btc_options
3,0x128f19a6FdD737B0937627738313E8BF5527ACEB,1294100000000,100000000,100000000,1172859,1603573069,2,btc_options
3,0x3BAf349bE62f94E7141Cf748CF09d761219757B7,1299733000000,100000000,100000000,1172000,1603637246,2,btc_options
3,0xD22886236f453E9407F54cC2706B2E9C87789702,1313734000000,200000000,200000000,2344000,1603683128,2,btc_options
1,0xF9107317B0fF77eD5b7ADea15e50514A3564002B,1296399537267,10000000,10000000,622000,1606061820,1,btc_options
1,0x0682EBeC1F898110D1E5741e2c7DAFFfB6a47870,1290000000000,2000000,2000000,61645,1604251870,1,btc_options
3,0xe05d396512959b5bFD1EA9be3CD09A2412e4010c,1299997000000,700000000,700000000,8204000,1603740537,1,btc_options
1,0x86E9BFA8110B4211c0c17d62AEBE2e144bc236D0,1310133662204,1000000000,1000000000,62200000,1606129896,2,btc_options
1,0x0A53E28f2f7b27971E18a6305C2C74A449BADd2e,1308136000000,100000000,100000000,5384000,1605572849,2,btc_options
1,0x86E9BFA8110B4211c0c17d62AEBE2e144bc236D0,1313616000000,500000000,500000000,31100000,1606213359,2,btc_options
1,0x86E9BFA8110B4211c0c17d62AEBE2e144bc236D0,1313616000000,500000000,500000000,31100000,1606213625,2,btc_options
1,0x86E9BFA8110B4211c0c17d62AEBE2e144bc236D0,1336474000000,1000000000,1000000000,62200000,1606217239,2,btc_options
1,0xDdE4812F8185CE19782420f4068f09e8B45425Db,1358285313119,10000000,10000000,622000,1606236276,1,btc_options
1,0xaC9e6fA8Ad5214F365E99eE96227598eA1E4B20c,1361415000000,100000000,100000000,3108000,1604424245,2,btc_options
2,0xe05d396512959b5bFD1EA9be3CD09A2412e4010c,1367559000000,1000000000,1000000000,11720000,1603915685,1,btc_options
1,0x5CD364dF460c40588b865D6985F530767263CF84,1367559000000,50000000,50000000,3110000,1606249080,2,btc_options
1,0x6144923B656fbAc72F486796a2a33750Dc6c559f,1367559000000,150000000,150000000,9330000,1606249182,2,btc_options
1,0x8cCa25F558cf8ffC1e084e48489AC7638c401beF,1367559000000,2500000000,2500000000,155500000,1606249504,2,btc_options
1,0xe05d396512959b5bFD1EA9be3CD09A2412e4010c,1373126000000,960000000,960000000,51686400,1605651365,1,btc_options
1,0xCCe853ECB829d914d119724761e3deb6ad982047,1373206546928,1000000,1000000,62200,1606265886,2,btc_options
1,0x8cCa25F558cf8ffC1e084e48489AC7638c401beF,1339282000000,2500000000,2500000000,155500000,1606306640,2,btc_options
1,0x1de1303a06EcEaEd21D333337D71C1113261515a,1307267909280,250000000,250000000,15550000,1606313560,2,btc_options
1,0x8cCa25F558cf8ffC1e084e48489AC7638c401beF,1307267909280,2500000000,2500000000,155500000,1606313670,1,btc_options
2,0x82cCf5eD8F713281B1BE7d12F64A614e20c3BaD0,1298196000000,2000000000,2000000000,23440000,1603981248,2,btc_options
2,0xD22886236f453E9407F54cC2706B2E9C87789702,1308222545668,600000000,600000000,18648000,1604503373,2,btc_options
1,0xDdE4812F8185CE19782420f4068f09e8B45425Db,1313503000000,10000000,10000000,622000,1606323383,2,btc_options
1,0x099686478448CE02F8E61C6b01904d0548daeAe5,1350000000000,50000000,50000000,3546737,1606413957,2,btc_options
2,0x6481B4521Ad2Bb4b5ba4872e4a4D7829e5120eb0,1326602689430,20000000,20000000,234400,1604152876,2,btc_options
2,0x82cCf5eD8F713281B1BE7d12F64A614e20c3BaD0,1344548000000,2000000000,2000000000,23440000,1604158620,2,btc_options
2,0x091dDfcE101BeCd8556E863CA08C331Ba190C733,1353068429767,200000000,200000000,2344000,1604175530,2,btc_options
1,0x091dDfcE101BeCd8556E863CA08C331Ba190C733,1353068429767,100000000,100000000,6220000,1606508744,2,btc_options
1,0x16304dAE95525d603E2C15aB385C5463A6b2113B,1500000000000,50000000,50000000,2005970,1605321661,2,btc_options
1,0x4E60bE84870FE6AE350B563A121042396Abe1eaF,1391100000000,2000000000,2000000000,124400000,1606557874,2,btc_options
1,0x82cCf5eD8F713281B1BE7d12F64A614e20c3BaD0,1397342370841,5000000000,5000000000,155400000,1604744026,1,btc_options
1,0x6481B4521Ad2Bb4b5ba4872e4a4D7829e5120eb0,1382487042024,30000000,30000000,351600,1604228071,2,btc_options
1,0xD22886236f453E9407F54cC2706B2E9C87789702,1388644168872,500000000,500000000,5860000,1604229752,2,btc_options
1,0x198ad6C547D20d70f2F656a4F48e6c7cfb7B4325,1400000000000,20000000000,20000000000,616033765,1604753162,2,btc_options
1,0x128f19a6FdD737B0937627738313E8BF5527ACEB,1380800000000,300000000,300000000,18665006,1606595055,2,btc_options
1,0xF35Bb0619b0d78613C42dBc9e44d535749649dCB,1383326627863,10000000,10000000,622000,1606610150,2,btc_options
